[{"model": "admin.logentry", "pk": 1, "fields": {"action_time": "2025-08-23T20:45:56.419", "user": 1, "content_type": 13, "object_id": "1", "object_repr": "Entertainment", "action_flag": 1, "change_message": "[{\"added\": {}}]"}}, {"model": "admin.logentry", "pk": 2, "fields": {"action_time": "2025-08-23T20:46:33.900", "user": 1, "content_type": 13, "object_id": "2", "object_repr": "Women's Fashion", "action_flag": 1, "change_message": "[{\"added\": {}}]"}}, {"model": "admin.logentry", "pk": 3, "fields": {"action_time": "2025-08-23T20:47:10.019", "user": 1, "content_type": 13, "object_id": "3", "object_repr": "Products", "action_flag": 1, "change_message": "[{\"added\": {}}]"}}, {"model": "admin.logentry", "pk": 4, "fields": {"action_time": "2025-08-23T20:47:37.596", "user": 1, "content_type": 13, "object_id": "4", "object_repr": "Clothing", "action_flag": 1, "change_message": "[{\"added\": {}}]"}}, {"model": "admin.logentry", "pk": 5, "fields": {"action_time": "2025-08-23T20:47:44.356", "user": 1, "content_type": 13, "object_id": "5", "object_repr": "Books", "action_flag": 1, "change_message": "[{\"added\": {}}]"}}, {"model": "admin.logentry", "pk": 6, "fields": {"action_time": "2025-08-23T20:47:50.771", "user": 1, "content_type": 13, "object_id": "6", "object_repr": "Tools", "action_flag": 1, "change_message": "[{\"added\": {}}]"}}, {"model": "admin.logentry", "pk": 7, "fields": {"action_time": "2025-08-23T20:48:10.270", "user": 1, "content_type": 13, "object_id": "7", "object_repr": "Properties", "action_flag": 1, "change_message": "[{\"added\": {}}]"}}, {"model": "admin.logentry", "pk": 8, "fields": {"action_time": "2025-08-23T20:48:17.312", "user": 1, "content_type": 13, "object_id": "8", "object_repr": "Vehicles", "action_flag": 1, "change_message": "[{\"added\": {}}]"}}, {"model": "admin.logentry", "pk": 9, "fields": {"action_time": "2025-08-23T20:48:24.309", "user": 1, "content_type": 13, "object_id": "9", "object_repr": "Jobs", "action_flag": 1, "change_message": "[{\"added\": {}}]"}}, {"model": "admin.logentry", "pk": 10, "fields": {"action_time": "2025-08-23T20:48:36.793", "user": 1, "content_type": 13, "object_id": "10", "object_repr": "Services", "action_flag": 1, "change_message": "[{\"added\": {}}]"}}, {"model": "admin.logentry", "pk": 11, "fields": {"action_time": "2025-08-23T20:48:57.895", "user": 1, "content_type": 13, "object_id": "11", "object_repr": "Men's Fashion", "action_flag": 1, "change_message": "[{\"added\": {}}]"}}, {"model": "admin.logentry", "pk": 12, "fields": {"action_time": "2025-08-23T20:49:28.085", "user": 1, "content_type": 13, "object_id": "12", "object_repr": "Electronic Accessories", "action_flag": 1, "change_message": "[{\"added\": {}}]"}}, {"model": "admin.logentry", "pk": 13, "fields": {"action_time": "2025-08-23T20:49:34.975", "user": 1, "content_type": 13, "object_id": "13", "object_repr": "Cellphones", "action_flag": 1, "change_message": "[{\"added\": {}}]"}}, {"model": "admin.logentry", "pk": 14, "fields": {"action_time": "2025-08-23T20:49:41.963", "user": 1, "content_type": 13, "object_id": "14", "object_repr": "Laptops", "action_flag": 1, "change_message": "[{\"added\": {}}]"}}, {"model": "admin.logentry", "pk": 15, "fields": {"action_time": "2025-08-23T21:06:47.477", "user": 1, "content_type": 14, "object_id": "1", "object_repr": "China", "action_flag": 1, "change_message": "[{\"added\": {}}]"}}, {"model": "admin.logentry", "pk": 16, "fields": {"action_time": "2025-08-23T21:06:57.426", "user": 1, "content_type": 14, "object_id": "2", "object_repr": "United States", "action_flag": 1, "change_message": "[{\"added\": {}}]"}}, {"model": "admin.logentry", "pk": 17, "fields": {"action_time": "2025-08-23T21:07:04.540", "user": 1, "content_type": 14, "object_id": "3", "object_repr": "United Kingdom", "action_flag": 1, "change_message": "[{\"added\": {}}]"}}, {"model": "admin.logentry", "pk": 18, "fields": {"action_time": "2025-08-23T21:07:16.189", "user": 1, "content_type": 14, "object_id": "4", "object_repr": "Zammbia", "action_flag": 1, "change_message": "[{\"added\": {}}]"}}, {"model": "admin.logentry", "pk": 19, "fields": {"action_time": "2025-08-23T21:07:27.009", "user": 1, "content_type": 14, "object_id": "5", "object_repr": "South Africa", "action_flag": 1, "change_message": "[{\"added\": {}}]"}}, {"model": "admin.logentry", "pk": 20, "fields": {"action_time": "2025-08-23T21:07:36.044", "user": 1, "content_type": 14, "object_id": "6", "object_repr": "Zimbabwe", "action_flag": 1, "change_message": "[{\"added\": {}}]"}}, {"model": "admin.logentry", "pk": 21, "fields": {"action_time": "2025-08-23T21:07:49.777", "user": 1, "content_type": 14, "object_id": "4", "object_repr": "Zambia", "action_flag": 2, "change_message": "[{\"changed\": {\"fields\": [\"Name\"]}}]"}}, {"model": "admin.logentry", "pk": 22, "fields": {"action_time": "2025-08-23T21:08:40.268", "user": 1, "content_type": 15, "object_id": "1", "object_repr": "Beijing", "action_flag": 1, "change_message": "[{\"added\": {}}]"}}, {"model": "admin.logentry", "pk": 23, "fields": {"action_time": "2025-08-23T21:08:51.563", "user": 1, "content_type": 15, "object_id": "2", "object_repr": "Seattle", "action_flag": 1, "change_message": "[{\"added\": {}}]"}}, {"model": "admin.logentry", "pk": 24, "fields": {"action_time": "2025-08-23T21:09:05.517", "user": 1, "content_type": 15, "object_id": "3", "object_repr": "Texas", "action_flag": 1, "change_message": "[{\"added\": {}}]"}}, {"model": "admin.logentry", "pk": 25, "fields": {"action_time": "2025-08-23T21:09:20.110", "user": 1, "content_type": 15, "object_id": "4", "object_repr": "California", "action_flag": 1, "change_message": "[{\"added\": {}}]"}}, {"model": "admin.logentry", "pk": 26, "fields": {"action_time": "2025-08-23T21:09:29.447", "user": 1, "content_type": 15, "object_id": "5", "object_repr": "Manchester", "action_flag": 1, "change_message": "[{\"added\": {}}]"}}, {"model": "admin.logentry", "pk": 27, "fields": {"action_time": "2025-08-23T21:10:04.533", "user": 1, "content_type": 15, "object_id": "6", "object_repr": "London", "action_flag": 1, "change_message": "[{\"added\": {}}]"}}, {"model": "admin.logentry", "pk": 28, "fields": {"action_time": "2025-08-23T21:10:16.664", "user": 1, "content_type": 15, "object_id": "7", "object_repr": "Johannesburg", "action_flag": 1, "change_message": "[{\"added\": {}}]"}}, {"model": "admin.logentry", "pk": 29, "fields": {"action_time": "2025-08-23T21:10:35.626", "user": 1, "content_type": 15, "object_id": "8", "object_repr": "Lusaka", "action_flag": 1, "change_message": "[{\"added\": {}}]"}}, {"model": "admin.logentry", "pk": 30, "fields": {"action_time": "2025-08-23T21:10:46.518", "user": 1, "content_type": 15, "object_id": "9", "object_repr": "Orania", "action_flag": 1, "change_message": "[{\"added\": {}}]"}}, {"model": "admin.logentry", "pk": 31, "fields": {"action_time": "2025-08-23T21:11:02.133", "user": 1, "content_type": 15, "object_id": "10", "object_repr": "Cape Town", "action_flag": 1, "change_message": "[{\"added\": {}}]"}}, {"model": "admin.logentry", "pk": 32, "fields": {"action_time": "2025-08-23T21:11:13.526", "user": 1, "content_type": 15, "object_id": "11", "object_repr": "Pretoria", "action_flag": 1, "change_message": "[{\"added\": {}}]"}}, {"model": "admin.logentry", "pk": 33, "fields": {"action_time": "2025-08-23T21:11:28.043", "user": 1, "content_type": 15, "object_id": "12", "object_repr": "Rusape", "action_flag": 1, "change_message": "[{\"added\": {}}]"}}, {"model": "admin.logentry", "pk": 34, "fields": {"action_time": "2025-08-23T21:11:37.882", "user": 1, "content_type": 15, "object_id": "13", "object_repr": "Masvingo", "action_flag": 1, "change_message": "[{\"added\": {}}]"}}, {"model": "admin.logentry", "pk": 35, "fields": {"action_time": "2025-08-23T21:11:48.006", "user": 1, "content_type": 15, "object_id": "14", "object_repr": "Bulawayo", "action_flag": 1, "change_message": "[{\"added\": {}}]"}}, {"model": "admin.logentry", "pk": 36, "fields": {"action_time": "2025-08-23T21:12:06.641", "user": 1, "content_type": 15, "object_id": "15", "object_repr": "Mutare", "action_flag": 1, "change_message": "[{\"added\": {}}]"}}, {"model": "admin.logentry", "pk": 37, "fields": {"action_time": "2025-08-23T21:12:14.983", "user": 1, "content_type": 15, "object_id": "16", "object_repr": "Gweru", "action_flag": 1, "change_message": "[{\"added\": {}}]"}}, {"model": "admin.logentry", "pk": 38, "fields": {"action_time": "2025-08-23T21:12:25.855", "user": 1, "content_type": 15, "object_id": "17", "object_repr": "Harare", "action_flag": 1, "change_message": "[{\"added\": {}}]"}}, {"model": "admin.logentry", "pk": 39, "fields": {"action_time": "2025-08-23T21:12:35.808", "user": 1, "content_type": 15, "object_id": "18", "object_repr": "Chitungwiza", "action_flag": 1, "change_message": "[{\"added\": {}}]"}}, {"model": "admin.logentry", "pk": 40, "fields": {"action_time": "2025-08-27T16:33:58.412", "user": 1, "content_type": 16, "object_id": "23", "object_repr": "Graduate", "action_flag": 2, "change_message": "[{\"changed\": {\"fields\": [\"Description\"]}}]"}}, {"model": "admin.logentry", "pk": 41, "fields": {"action_time": "2025-08-27T16:34:23.612", "user": 1, "content_type": 16, "object_id": "23", "object_repr": "Graduate", "action_flag": 2, "change_message": "[{\"changed\": {\"fields\": [\"Description\"]}}]"}}, {"model": "admin.logentry", "pk": 42, "fields": {"action_time": "2025-09-06T12:47:26.726", "user": 1, "content_type": 16, "object_id": "24", "object_repr": "Diary of a CEO", "action_flag": 2, "change_message": "[{\"changed\": {\"fields\": [\"Name\"]}}]"}}, {"model": "admin.logentry", "pk": 43, "fields": {"action_time": "2025-09-20T10:32:02.852", "user": 1, "content_type": 16, "object_id": "24", "object_repr": "Diary of a CEO", "action_flag": 2, "change_message": "[{\"changed\": {\"fields\": [\"Description\"]}}]"}}, {"model": "auth.permission", "pk": 1, "fields": {"name": "Can add log entry", "content_type": 1, "codename": "add_logentry"}}, {"model": "auth.permission", "pk": 2, "fields": {"name": "Can change log entry", "content_type": 1, "codename": "change_logentry"}}, {"model": "auth.permission", "pk": 3, "fields": {"name": "Can delete log entry", "content_type": 1, "codename": "delete_logentry"}}, {"model": "auth.permission", "pk": 4, "fields": {"name": "Can view log entry", "content_type": 1, "codename": "view_logentry"}}, {"model": "auth.permission", "pk": 5, "fields": {"name": "Can add permission", "content_type": 2, "codename": "add_permission"}}, {"model": "auth.permission", "pk": 6, "fields": {"name": "Can change permission", "content_type": 2, "codename": "change_permission"}}, {"model": "auth.permission", "pk": 7, "fields": {"name": "Can delete permission", "content_type": 2, "codename": "delete_permission"}}, {"model": "auth.permission", "pk": 8, "fields": {"name": "Can view permission", "content_type": 2, "codename": "view_permission"}}, {"model": "auth.permission", "pk": 9, "fields": {"name": "Can add group", "content_type": 3, "codename": "add_group"}}, {"model": "auth.permission", "pk": 10, "fields": {"name": "Can change group", "content_type": 3, "codename": "change_group"}}, {"model": "auth.permission", "pk": 11, "fields": {"name": "Can delete group", "content_type": 3, "codename": "delete_group"}}, {"model": "auth.permission", "pk": 12, "fields": {"name": "Can view group", "content_type": 3, "codename": "view_group"}}, {"model": "auth.permission", "pk": 13, "fields": {"name": "Can add user", "content_type": 4, "codename": "add_user"}}, {"model": "auth.permission", "pk": 14, "fields": {"name": "Can change user", "content_type": 4, "codename": "change_user"}}, {"model": "auth.permission", "pk": 15, "fields": {"name": "Can delete user", "content_type": 4, "codename": "delete_user"}}, {"model": "auth.permission", "pk": 16, "fields": {"name": "Can view user", "content_type": 4, "codename": "view_user"}}, {"model": "auth.permission", "pk": 17, "fields": {"name": "Can add content type", "content_type": 5, "codename": "add_contenttype"}}, {"model": "auth.permission", "pk": 18, "fields": {"name": "Can change content type", "content_type": 5, "codename": "change_contenttype"}}, {"model": "auth.permission", "pk": 19, "fields": {"name": "Can delete content type", "content_type": 5, "codename": "delete_contenttype"}}, {"model": "auth.permission", "pk": 20, "fields": {"name": "Can view content type", "content_type": 5, "codename": "view_contenttype"}}, {"model": "auth.permission", "pk": 21, "fields": {"name": "Can add session", "content_type": 6, "codename": "add_session"}}, {"model": "auth.permission", "pk": 22, "fields": {"name": "Can change session", "content_type": 6, "codename": "change_session"}}, {"model": "auth.permission", "pk": 23, "fields": {"name": "Can delete session", "content_type": 6, "codename": "delete_session"}}, {"model": "auth.permission", "pk": 24, "fields": {"name": "Can view session", "content_type": 6, "codename": "view_session"}}, {"model": "auth.permission", "pk": 25, "fields": {"name": "Can add site", "content_type": 7, "codename": "add_site"}}, {"model": "auth.permission", "pk": 26, "fields": {"name": "Can change site", "content_type": 7, "codename": "change_site"}}, {"model": "auth.permission", "pk": 27, "fields": {"name": "Can delete site", "content_type": 7, "codename": "delete_site"}}, {"model": "auth.permission", "pk": 28, "fields": {"name": "Can view site", "content_type": 7, "codename": "view_site"}}, {"model": "auth.permission", "pk": 29, "fields": {"name": "Can add email address", "content_type": 8, "codename": "add_emailaddress"}}, {"model": "auth.permission", "pk": 30, "fields": {"name": "Can change email address", "content_type": 8, "codename": "change_emailaddress"}}, {"model": "auth.permission", "pk": 31, "fields": {"name": "Can delete email address", "content_type": 8, "codename": "delete_emailaddress"}}, {"model": "auth.permission", "pk": 32, "fields": {"name": "Can view email address", "content_type": 8, "codename": "view_emailaddress"}}, {"model": "auth.permission", "pk": 33, "fields": {"name": "Can add email confirmation", "content_type": 9, "codename": "add_emailconfirmation"}}, {"model": "auth.permission", "pk": 34, "fields": {"name": "Can change email confirmation", "content_type": 9, "codename": "change_emailconfirmation"}}, {"model": "auth.permission", "pk": 35, "fields": {"name": "Can delete email confirmation", "content_type": 9, "codename": "delete_emailconfirmation"}}, {"model": "auth.permission", "pk": 36, "fields": {"name": "Can view email confirmation", "content_type": 9, "codename": "view_emailconfirmation"}}, {"model": "auth.permission", "pk": 37, "fields": {"name": "Can add social application", "content_type": 10, "codename": "add_socialapp"}}, {"model": "auth.permission", "pk": 38, "fields": {"name": "Can change social application", "content_type": 10, "codename": "change_socialapp"}}, {"model": "auth.permission", "pk": 39, "fields": {"name": "Can delete social application", "content_type": 10, "codename": "delete_socialapp"}}, {"model": "auth.permission", "pk": 40, "fields": {"name": "Can view social application", "content_type": 10, "codename": "view_socialapp"}}, {"model": "auth.permission", "pk": 41, "fields": {"name": "Can add social account", "content_type": 11, "codename": "add_socialaccount"}}, {"model": "auth.permission", "pk": 42, "fields": {"name": "Can change social account", "content_type": 11, "codename": "change_socialaccount"}}, {"model": "auth.permission", "pk": 43, "fields": {"name": "Can delete social account", "content_type": 11, "codename": "delete_socialaccount"}}, {"model": "auth.permission", "pk": 44, "fields": {"name": "Can view social account", "content_type": 11, "codename": "view_socialaccount"}}, {"model": "auth.permission", "pk": 45, "fields": {"name": "Can add social application token", "content_type": 12, "codename": "add_socialtoken"}}, {"model": "auth.permission", "pk": 46, "fields": {"name": "Can change social application token", "content_type": 12, "codename": "change_socialtoken"}}, {"model": "auth.permission", "pk": 47, "fields": {"name": "Can delete social application token", "content_type": 12, "codename": "delete_socialtoken"}}, {"model": "auth.permission", "pk": 48, "fields": {"name": "Can view social application token", "content_type": 12, "codename": "view_socialtoken"}}, {"model": "auth.permission", "pk": 49, "fields": {"name": "Can add category", "content_type": 13, "codename": "add_category"}}, {"model": "auth.permission", "pk": 50, "fields": {"name": "Can change category", "content_type": 13, "codename": "change_category"}}, {"model": "auth.permission", "pk": 51, "fields": {"name": "Can delete category", "content_type": 13, "codename": "delete_category"}}, {"model": "auth.permission", "pk": 52, "fields": {"name": "Can view category", "content_type": 13, "codename": "view_category"}}, {"model": "auth.permission", "pk": 53, "fields": {"name": "Can add country", "content_type": 14, "codename": "add_country"}}, {"model": "auth.permission", "pk": 54, "fields": {"name": "Can change country", "content_type": 14, "codename": "change_country"}}, {"model": "auth.permission", "pk": 55, "fields": {"name": "Can delete country", "content_type": 14, "codename": "delete_country"}}, {"model": "auth.permission", "pk": 56, "fields": {"name": "Can view country", "content_type": 14, "codename": "view_country"}}, {"model": "auth.permission", "pk": 57, "fields": {"name": "Can add location", "content_type": 15, "codename": "add_location"}}, {"model": "auth.permission", "pk": 58, "fields": {"name": "Can change location", "content_type": 15, "codename": "change_location"}}, {"model": "auth.permission", "pk": 59, "fields": {"name": "Can delete location", "content_type": 15, "codename": "delete_location"}}, {"model": "auth.permission", "pk": 60, "fields": {"name": "Can view location", "content_type": 15, "codename": "view_location"}}, {"model": "auth.permission", "pk": 61, "fields": {"name": "Can add products", "content_type": 16, "codename": "add_products"}}, {"model": "auth.permission", "pk": 62, "fields": {"name": "Can change products", "content_type": 16, "codename": "change_products"}}, {"model": "auth.permission", "pk": 63, "fields": {"name": "Can delete products", "content_type": 16, "codename": "delete_products"}}, {"model": "auth.permission", "pk": 64, "fields": {"name": "Can view products", "content_type": 16, "codename": "view_products"}}, {"model": "auth.permission", "pk": 65, "fields": {"name": "Can add profile", "content_type": 17, "codename": "add_profile"}}, {"model": "auth.permission", "pk": 66, "fields": {"name": "Can change profile", "content_type": 17, "codename": "change_profile"}}, {"model": "auth.permission", "pk": 67, "fields": {"name": "Can delete profile", "content_type": 17, "codename": "delete_profile"}}, {"model": "auth.permission", "pk": 68, "fields": {"name": "Can view profile", "content_type": 17, "codename": "view_profile"}}, {"model": "auth.permission", "pk": 69, "fields": {"name": "Can add profile follow", "content_type": 18, "codename": "add_profilefollow"}}, {"model": "auth.permission", "pk": 70, "fields": {"name": "Can change profile follow", "content_type": 18, "codename": "change_profilefollow"}}, {"model": "auth.permission", "pk": 71, "fields": {"name": "Can delete profile follow", "content_type": 18, "codename": "delete_profilefollow"}}, {"model": "auth.permission", "pk": 72, "fields": {"name": "Can view profile follow", "content_type": 18, "codename": "view_profilefollow"}}, {"model": "auth.permission", "pk": 73, "fields": {"name": "Can add subscription plan", "content_type": 19, "codename": "add_subscriptionplan"}}, {"model": "auth.permission", "pk": 74, "fields": {"name": "Can change subscription plan", "content_type": 19, "codename": "change_subscriptionplan"}}, {"model": "auth.permission", "pk": 75, "fields": {"name": "Can delete subscription plan", "content_type": 19, "codename": "delete_subscriptionplan"}}, {"model": "auth.permission", "pk": 76, "fields": {"name": "Can view subscription plan", "content_type": 19, "codename": "view_subscriptionplan"}}, {"model": "auth.permission", "pk": 77, "fields": {"name": "Can add subscription", "content_type": 20, "codename": "add_subscription"}}, {"model": "auth.permission", "pk": 78, "fields": {"name": "Can change subscription", "content_type": 20, "codename": "change_subscription"}}, {"model": "auth.permission", "pk": 79, "fields": {"name": "Can delete subscription", "content_type": 20, "codename": "delete_subscription"}}, {"model": "auth.permission", "pk": 80, "fields": {"name": "Can view subscription", "content_type": 20, "codename": "view_subscription"}}, {"model": "auth.permission", "pk": 81, "fields": {"name": "Can add advertisements", "content_type": 21, "codename": "add_advertisements"}}, {"model": "auth.permission", "pk": 82, "fields": {"name": "Can change advertisements", "content_type": 21, "codename": "change_advertisements"}}, {"model": "auth.permission", "pk": 83, "fields": {"name": "Can delete advertisements", "content_type": 21, "codename": "delete_advertisements"}}, {"model": "auth.permission", "pk": 84, "fields": {"name": "Can view advertisements", "content_type": 21, "codename": "view_advertisements"}}, {"model": "auth.user", "pk": 1, "fields": {"password": "pbkdf2_sha256$1000000$wbh6bJaF1AnZuECwgNLEaR$pyFOACbhT1Zgup5FdxWcD+YLtZbYZ3IWBMMWaZ0YpxY=", "last_login": "2025-09-06T12:46:44.111", "is_superuser": true, "username": "salemking", "first_name": "", "last_name": "", "email": "", "is_staff": true, "is_active": true, "date_joined": "2025-08-23T20:58:34.729", "groups": [], "user_permissions": []}}, {"model": "auth.user", "pk": 2, "fields": {"password": "pbkdf2_sha256$1000000$bQ7BQCFpF1Dqo9Ndn9gLoj$l+dddekxnkGRruijOwB1nVzLTvSGuH6/oO4NuuR1YXU=", "last_login": "2025-08-25T19:54:22.415", "is_superuser": false, "username": "sasa", "first_name": "", "last_name": "", "email": "salom@gmail.com", "is_staff": false, "is_active": true, "date_joined": "2025-08-25T19:53:53.793", "groups": [], "user_permissions": []}}, {"model": "auth.user", "pk": 3, "fields": {"password": "pbkdf2_sha256$1000000$x2Ajyr6CQRQdJb0WpQvyi9$iMwAjdv+f+NQKWSlRhNk0UeYxorm8FGIJb40nOhALYw=", "last_login": "2025-08-27T16:29:16.010", "is_superuser": false, "username": "salemmm", "first_name": "", "last_name": "", "email": "choso@gmail.com", "is_staff": false, "is_active": true, "date_joined": "2025-08-27T16:29:04.184", "groups": [], "user_permissions": []}}, {"model": "auth.user", "pk": 4, "fields": {"password": "pbkdf2_sha256$1000000$tERgutnhuzWfsioOy6pBgr$Wccjqs+Fc2bWPBj7tuvoeYWWfo4K1wCjkFwatM00Y9s=", "last_login": "2025-09-04T03:57:05.047", "is_superuser": false, "username": "Salma", "first_name": "", "last_name": "", "email": "9987fuma@gmail.com", "is_staff": false, "is_active": true, "date_joined": "2025-09-04T03:56:50.525", "groups": [], "user_permissions": []}}, {"model": "contenttypes.contenttype", "pk": 1, "fields": {"app_label": "admin", "model": "logentry"}}, {"model": "contenttypes.contenttype", "pk": 2, "fields": {"app_label": "auth", "model": "permission"}}, {"model": "contenttypes.contenttype", "pk": 3, "fields": {"app_label": "auth", "model": "group"}}, {"model": "contenttypes.contenttype", "pk": 4, "fields": {"app_label": "auth", "model": "user"}}, {"model": "contenttypes.contenttype", "pk": 5, "fields": {"app_label": "contenttypes", "model": "contenttype"}}, {"model": "contenttypes.contenttype", "pk": 6, "fields": {"app_label": "sessions", "model": "session"}}, {"model": "contenttypes.contenttype", "pk": 7, "fields": {"app_label": "sites", "model": "site"}}, {"model": "contenttypes.contenttype", "pk": 8, "fields": {"app_label": "account", "model": "emailaddress"}}, {"model": "contenttypes.contenttype", "pk": 9, "fields": {"app_label": "account", "model": "emailconfirmation"}}, {"model": "contenttypes.contenttype", "pk": 10, "fields": {"app_label": "socialaccount", "model": "socialapp"}}, {"model": "contenttypes.contenttype", "pk": 11, "fields": {"app_label": "socialaccount", "model": "socialaccount"}}, {"model": "contenttypes.contenttype", "pk": 12, "fields": {"app_label": "socialaccount", "model": "socialtoken"}}, {"model": "contenttypes.contenttype", "pk": 13, "fields": {"app_label": "e_mall", "model": "category"}}, {"model": "contenttypes.contenttype", "pk": 14, "fields": {"app_label": "e_mall", "model": "country"}}, {"model": "contenttypes.contenttype", "pk": 15, "fields": {"app_label": "e_mall", "model": "location"}}, {"model": "contenttypes.contenttype", "pk": 16, "fields": {"app_label": "e_mall", "model": "products"}}, {"model": "contenttypes.contenttype", "pk": 17, "fields": {"app_label": "e_mall", "model": "profile"}}, {"model": "contenttypes.contenttype", "pk": 18, "fields": {"app_label": "e_mall", "model": "profilefollow"}}, {"model": "contenttypes.contenttype", "pk": 19, "fields": {"app_label": "e_mall", "model": "subscriptionplan"}}, {"model": "contenttypes.contenttype", "pk": 20, "fields": {"app_label": "e_mall", "model": "subscription"}}, {"model": "contenttypes.contenttype", "pk": 21, "fields": {"app_label": "e_mall", "model": "advertisements"}}, {"model": "sessions.session", "pk": "0g259l7dcfoy2u25ira0ayfx73b91131", "fields": {"session_data": ".eJyrVvIsSc1Vsqqu1VFKLi0qSs0riU9OLIEI5OQngzjxxZnpeYk5SlZKGfm5qRBOsVItAHgoFXQ:1uqb8a:t-YmqFwqTmR5ORQta8RrYq0ljMlwpUVY4K52SRPTJs8", "expire_date": "2025-09-08T17:37:44.744"}}, {"model": "sessions.session", "pk": "1ap2qw5cemxm7myo29nnwhwxqpgwg003", "fields": {"session_data": ".eJyrVvIsSc1Vsqqu1VFKLi0qSs0riU9OLIEI5OQngzjxxZnpeYk5SlZKGfm5qRBOsVItAHgoFXQ:1uu118:XWjIIVqWGTM0foHHc8nVcvfThDPqX0VcV0V-aT_j6R0", "expire_date": "2025-09-18T03:52:10.549"}}, {"model": "sessions.session", "pk": "3hjywxqt11fyecrbm04memh369p0et2x", "fields": {"session_data": ".eJyrVvIsSc1Vsqqu1VFKLi0qSs0riU9OLIEI5OQngzjxxZnpeYk5SlZKGfm5qRBOsVItAHgoFXQ:1usE43:552AuAhy_77RztzH0VWSNHs-dPlYe8ZOMaObYoVA4OU", "expire_date": "2025-09-13T05:23:47.083"}}, {"model": "sessions.session", "pk": "3lnes3xzzga4rzbmw3xspq47wcs0y6wv", "fields": {"session_data": ".eJyrVvIsSc1Vsqqu1VFKLi0qSs0riU9OLIEI5OQngzjxxZnpeYk5SlZKGfm5qRBOsVItAHgoFXQ:1uq8Ic:TVbTNGab4aiNPLTFNVAppauSyan4WQsHBYO8cS7P0ms", "expire_date": "2025-09-07T10:50:10.714"}}, {"model": "sessions.session", "pk": "3mgbzy0d30nfyq4hyjgzyedt6qrw2nxv", "fields": {"session_data": ".eJyrVvIsSc1Vsqqu1VFKLi0qSs0riU9OLIEI5OQngzjxxZnpeYk5SlZKGfm5qRBOsVItAHgoFXQ:1upvvQ:j5WNweT9CFbVu8bQTgu89KzNmj-qJjQzivntw-yOwxE", "expire_date": "2025-09-06T21:37:24.028"}}, {"model": "sessions.session", "pk": "4if8zup8e1acni9hi7yax3ber7zv2sbi", "fields": {"session_data": ".eJyrVvIsSc1Vsqqu1VFKLi0qSs0riU9OLIEI5OQngzjxxZnpeYk5SlZKGfm5qRBOsVItAHgoFXQ:1uq8aV:-Xr_dUs7GklI9B50Hq1xP1sHLRySyXmcCSv2MdJ_G90", "expire_date": "2025-09-07T11:08:39.258"}}, {"model": "sessions.session", "pk": "55p4x8k7jr0erwsoe8ck27vbsihuu029", "fields": {"session_data": "eyJsYW1lc3NhZ2UiOnt9fQ:1urJ4f:4HT0nmqnqXl8svaB4US-4acpSl2wzM6Qwb4WqMwivF8", "expire_date": "2025-09-10T16:32:37.574"}}, {"model": "sessions.session", "pk": "5ptppi6ujt7h0waukmvb5v01gqdbvkgv", "fields": {"session_data": ".eJyrVvIsSc1Vsqqu1VFKLi0qSs0riU9OLIEI5OQngzjxxZnpeYk5SlZKGfm5qRBOsVItAHgoFXQ:1uqZkz:WbNh5frQBUdroQLnzIJMpVWu9azOSQeAwz0hMBmPyEQ", "expire_date": "2025-09-08T16:09:17.537"}}, {"model": "sessions.session", "pk": "5z6g8jpanamozyid1o3eq47qazowy0to", "fields": {"session_data": ".eJyrVvIsSc1Vsqqu1VFKLi0qSs0riU9OLIEI5OQngzjxxZnpeYk5SlZKGfm5qRBOsVItAHgoFXQ:1uqeAI:f5P3ZvzWhNs9U7hjUVzgeThMbNtaEgqfpx6TFlcnC20", "expire_date": "2025-09-08T20:51:42.034"}}, {"model": "sessions.session", "pk": "620kibtd3n5ameegy39fiht1qhetdnd1", "fields": {"session_data": ".eJyrVvIsSc1Vsqqu1VFKLi0qSs0riU9OLIEI5OQngzjxxZnpeYk5SlZKGfm5qRBOsVItAHgoFXQ:1uu118:XWjIIVqWGTM0foHHc8nVcvfThDPqX0VcV0V-aT_j6R0", "expire_date": "2025-09-18T03:52:10.217"}}, {"model": "sessions.session", "pk": "6uf6sxxd1wc505y6g9u8544vhoe2gcd1", "fields": {"session_data": ".eJyrVvIsSc1Vsqqu1VFKLi0qSs0riU9OLIEI5OQngzjxxZnpeYk5SlZKGfm5qRBOsVItAHgoFXQ:1uq9Fw:RDLpK29or_SFRHgReRz90HyAVuly-mVOSD7-FidhLn4", "expire_date": "2025-09-07T11:51:28.764"}}, {"model": "sessions.session", "pk": "766oloomm2um9y5p70czfoyukywre2fk", "fields": {"session_data": ".eJyrVvIsSc1Vsqqu1VFKLi0qSs0riU9OLIEI5OQngzjxxZnpeYk5SlZKGfm5qRBOsVItAHgoFXQ:1uv2Tr:pK4y48A9vdbZPU7iNPY_b7ZhGBlQcbURHhYDNvZcoNI", "expire_date": "2025-09-20T23:38:03.135"}}, {"model": "sessions.session", "pk": "7q5mzgojijoov7v2kmhgdsy0jwaiesf3", "fields": {"session_data": "eyJjdXJyZW50X2NhdCI6IkdhZGdldHMifQ:1uvbtZ:Lsb4kDs9cBWEagciCqcjBOb53LziWMVjsmMhbeTIDUA", "expire_date": "2025-09-22T13:26:57.126"}}, {"model": "sessions.session", "pk": "7y4rds5mldasyj8zqtoyixlox73ukqpj", "fields": {"session_data": ".eJyrVvIsSc1Vsqqu1VFKLi0qSs0riU9OLIEI5OQngzjxxZnpeYk5SlZKGfm5qRBOsVItAHgoFXQ:1uq6SS:MbYBhHglA1J5I7BhytvTs5XkGvTf4buuWsHZwcGYnv8", "expire_date": "2025-09-07T08:52:12.850"}}, {"model": "sessions.session", "pk": "8ic1125jmceubl8wtd9adbm1mg0b1qyc", "fields": {"session_data": ".eJyrVvIsSc1Vsqqu1VFKLi0qSs0riU9OLIEI5OQngzjxxZnpeYk5SlZKGfm5qRBOsVItAHgoFXQ:1uqUBu:SnSu-vgC6buVLypA8cHTxa4af9Mi-qmvMIaVabeAYzw", "expire_date": "2025-09-08T10:12:42.204"}}, {"model": "sessions.session", "pk": "986v6f6cytozacwr6vowytxjs2ofzk0j", "fields": {"session_data": ".eJyrVvIsSc1Vsqqu1VFKLi0qSs0riU9OLIEI5OQngzjxxZnpeYk5SlZKGfm5qRBOsVItAHgoFXQ:1uu119:Lfcv8SUWLHAnLG_Xx2zT7Bunu7a_Qd1ULYZBD6kph4c", "expire_date": "2025-09-18T03:52:11.054"}}, {"model": "sessions.session", "pk": "bxkmuym9jqljm9qy7cideg59ia4vcdfh", "fields": {"session_data": "eyJjdXJyZW50X2NhdCI6IkdhZGdldHMifQ:1uvbtZ:Lsb4kDs9cBWEagciCqcjBOb53LziWMVjsmMhbeTIDUA", "expire_date": "2025-09-22T13:26:57.604"}}, {"model": "sessions.session", "pk": "cbyeqvboqhteyqxj9yvdmdrxb1gl27dj", "fields": {"session_data": ".eJxVjzsOhDAMRO-SGiE-IXzK7bbYM0SO7QC7kEgkVIi7Lwgaypk3Hnk28Y48i27bE4HrsrCLGiFexuTxFDqMvYNJdGLwM18iiERoWOOg18CLHumg8ukZwB-7E9AXXO9T9C4uo0nPSHrTkH488fS6s4-CAcJwXDOpjFpSihppayvJokJbWkJVZ61RRnLRAmDToKFKVm1OhaqBcptVUJTlUTrB8XeAns9d-x_5Y1LR:1uu4pr:uh26edP8lumFC0zF0wgb6QVdCnE6sOwmlidUfGVvwLI", "expire_date": "2025-09-18T07:56:47.319"}}, {"model": "sessions.session", "pk": "d0rxd1e97qw9zll3avqlqepodxfb4lt1", "fields": {"session_data": ".eJyrVvIsSc1Vsqqu1VFKLi0qSs0riU9OLIEI5OQngzjxxZnpeYk5SlZKGfm5qRBOsVItAHgoFXQ:1uqb6n:zw7tVxLdhUwVxD_Fdk8fcE_LmdOC6OWelphD2Wzsh9U", "expire_date": "2025-09-08T17:35:53.596"}}, {"model": "sessions.session", "pk": "d8uh09rn1yfgrk4946gv8gykty0tdatp", "fields": {"session_data": ".eJyrVvIsSc1Vsqqu1VFKLi0qSs0riU9OLIEI5OQngzjxxZnpeYk5SlZKGfm5qRBOsVItAHgoFXQ:1uqSpG:ci9heXftKgRcX3wwcbSfvmXT-Yp3AHTxY6CqXZDhYNs", "expire_date": "2025-09-08T08:45:14.605"}}, {"model": "sessions.session", "pk": "djq9r5ym9sxot5oan3e1ka5kmksdedae", "fields": {"session_data": ".eJyrVvIsSc1Vsqqu1VFKLi0qSs0riU9OLIEI5OQngzjxxZnpeYk5SlZKGfm5qRBOsVItAHgoFXQ:1uqDUs:xp_QweOa7tWasGO506p4kqmgxEBdzfUME5W8D1jI6XU", "expire_date": "2025-09-07T16:23:10.995"}}, {"model": "sessions.session", "pk": "dor9j6jgv0ty1321qvhscwwz22g7zt6k", "fields": {"session_data": ".eJyrVvIsSc1Vsqqu1VFKLi0qSs0riU9OLIEI5OQngzjxxZnpeYk5SlZKxamJRckZUK6OUmFpalFlSmJJIlAqQ6kWABZHGvQ:1uqb1B:VXf8sx9YrSig8_1Z4my5rfXdgV4qfTe980dHMA6DKyk", "expire_date": "2025-09-08T19:30:05.346"}}, {"model": "sessions.session", "pk": "ds85fu3h4rtt1rdt28f49oc1r6jyplrn", "fields": {"session_data": ".eJyrVvIsSc1Vsqqu1VFKLi0qSs0riU9OLIEI5OQngzjxxZnpeYk5SlZKGfm5qRBOsVItAHgoFXQ:1uu117:Bj7LWh30AswN4anaYU4-Kk8k2v2uVDn2udOGVNArkAQ", "expire_date": "2025-09-18T03:52:09.460"}}, {"model": "sessions.session", "pk": "ek08so582tc7loksec1hytqwfssb3ind", "fields": {"session_data": ".eJyrVvIsSc1Vsqqu1VFKLi0qSs0riU9OLIEI5OQngzjxxZnpeYk5SlZKGfm5qRBOsVItAHgoFXQ:1uqRec:ez4S1gm8tvFLaKHNN8Qk40j3n6pNAOBNvq0HfEsETGs", "expire_date": "2025-09-08T07:30:10.733"}}, {"model": "sessions.session", "pk": "es2mg8ubfd0liv4i5b3ga5lwrkfij5iv", "fields": {"session_data": ".eJyrVvIsSc1Vsqqu1VFKLi0qSs0riU9OLIEI5OQngzjxxZnpeYk5SlZKGfm5qRBOsVItAHgoFXQ:1uq6ZO:SzcqPpZ3dM44NUr5Z89JI1HzA5nuo2Li9RGtFTRZxP0", "expire_date": "2025-09-07T08:59:22.359"}}, {"model": "sessions.session", "pk": "fhkqkhp5ab6jnvasd94ivxlpmvd4rqkz", "fields": {"session_data": ".eJyrVvIsSc1Vsqqu1VFKLi0qSs0riU9OLIEI5OQngzjxxZnpeYk5SlZKGfm5qRBOsVItAHgoFXQ:1uu118:XWjIIVqWGTM0foHHc8nVcvfThDPqX0VcV0V-aT_j6R0", "expire_date": "2025-09-18T03:52:10.836"}}, {"model": "sessions.session", "pk": "fklrrkjjhlotqew4xbvhmvqmaslgln31", "fields": {"session_data": ".eJyrVvIsSc1Vsqqu1VFKLi0qSs0riU9OLIEI5OQngzjxxZnpeYk5SlZKGfm5qRBOsVItAHgoFXQ:1uv2Ts:p3bOFRVD_I9DZbc9lXBWQAlSgqsLqNg3I0Ntw0iNXB0", "expire_date": "2025-09-20T23:38:04.028"}}, {"model": "sessions.session", "pk": "fv4w3lgor848pbqgwz0gmhf9el6jgy5x", "fields": {"session_data": ".eJyrVvIsSc1Vsqqu1VFKLi0qSs0riU9OLIEI5OQngzjxxZnpeYk5SlZKGfm5qRBOsVItAHgoFXQ:1uu2G9:xhyhHls1deMyY2UxWf5xlXpPzjAX0L2rRO4EXq6MZNM", "expire_date": "2025-09-18T05:11:45.118"}}, {"model": "sessions.session", "pk": "fwcxyraetqzr39x545y1oiq3xsv42i5h", "fields": {"session_data": ".eJyrVvIsSc1Vsqqu1VFKLi0qSs0riU9OLIEI5OQngzjxxZnpeYk5SlZKGfm5qRBOsVItAHgoFXQ:1uqb2I:vppxrmgKcegfvqrj4Y-ApyHaaEdKrJjH4OujYlFh1KE", "expire_date": "2025-09-08T17:31:14.161"}}, {"model": "sessions.session", "pk": "gbffm39m8jixvc1eov67ctclv7acag4a", "fields": {"session_data": ".eJyrVvIsSc1Vsqqu1VFKLi0qSs0riU9OLIEI5OQngzjxxZnpeYk5SlZKGfm5qRBOsVItAHgoFXQ:1utOBG:Ju5BkNMVWJYYkvZSICtQp6l2m8ruwXP5wmDTwfIm8-k", "expire_date": "2025-09-16T10:24:02.806"}}, {"model": "sessions.session", "pk": "hp2ztkiqjltpol8442of07eeknt120rx", "fields": {"session_data": "eyJsYW1lc3NhZ2UiOnt9fQ:1uq6Ff:cBMyJpcsOunTrYpw4gYio5w4bd-oZ4GNOLysjZM9S6g", "expire_date": "2025-09-07T08:38:59.728"}}, {"model": "sessions.session", "pk": "hzijyspb6or1i7jrkwv205r432y3751q", "fields": {"session_data": ".eJxVjDsOgzAQRO_iGiHbmPAp06XIGaxldw0kxJawqRB3Dwgaypn3ZlbxSvwT7bplApd5Zp8sQjqLKeARbBx7D5NoxRB-fIYoMmFhSYNdIs92pJ2qe9cBftkfgD7g-5Bj8Gkeu_xQ8ovG_B2Ip-fl3g4GiMO-LqRRULvCMIFTFWOhS2IgAg1QQqOcJuOk0aapJCldQf2QssSaK3QKC7H9ASl6TOw:1uuws1:k2_P5ueE4Tcncy4YLGZq7fNNH3o9Bs22kfM2fDKd5Ms", "expire_date": "2025-09-20T17:38:37.940"}}, {"model": "sessions.session", "pk": "iajv5hgy174at0llf8joarbmrkxtkymc", "fields": {"session_data": ".eJyrVvIsSc1Vsqqu1VFKLi0qSs0riU9OLIEI5OQngzjxxZnpeYk5SlZKGfm5qRBOsVItAHgoFXQ:1upvvN:glo6DGUhKH7GtKgqtPGFdNcdcE2DX2yaw1nxOk_XHxQ", "expire_date": "2025-09-06T21:37:21.997"}}, {"model": "sessions.session", "pk": "ik04l0phyqw3xfzo36ae5wl428lhv20c", "fields": {"session_data": ".eJxVj70OgzAMhN8lM0I4lEIYu3XoM0SOY35aSKQkTIh3LwgWxrvvfPKt4p14Fu26ZYKWENglTZhOY_J0CB3H3uEkWjH4mU8RRSY0LmnQS-SgR7tTefcM0o_dAewXXe9z8i6F0eRHJL9ozD_e8vS6sreCAeOwXz8bU5rCKqAHs6rqupIgS1uUsiJVFrViAEAywA0o7BA6qFVBHUlooDLNXjrh_nfEno9d2x-OvFEw:1uqeV2:69rSD_NTZJO_h3RFpcufkXvnZvPciBJ8sKlAPVkXFKs", "expire_date": "2025-09-08T21:13:08.365"}}, {"model": "sessions.session", "pk": "ikk0dqoxokjtzjely3zj0i351srykhbu", "fields": {"session_data": ".eJyrVvIsSc1Vsqqu1VFKLi0qSs0riU9OLIEI5OQngzjxxZnpeYk5SlZKGfm5qRBOsVItAHgoFXQ:1uqeAI:f5P3ZvzWhNs9U7hjUVzgeThMbNtaEgqfpx6TFlcnC20", "expire_date": "2025-09-08T20:51:42.343"}}, {"model": "sessions.session", "pk": "izascq76wpys0my3io9jghmxbm2g80oy", "fields": {"session_data": ".eJyrVvIsSc1Vsqqu1VFKLi0qSs0riU9OLIEI5OQngzjxxZnpeYk5SlZKGfm5qRBOsVItAHgoFXQ:1uq9Ei:orDTd0aEuS5UCy9-QC8QdX4sfXf7Lx_lf2drR0Xj_nk", "expire_date": "2025-09-07T11:50:12.042"}}, {"model": "sessions.session", "pk": "j2h0jq2iujcabcjb2imswgmjca4rhuip", "fields": {"session_data": ".eJyrVvIsSc1Vsqqu1VFKLi0qSs0riU9OLIEI5OQngzjxxZnpeYk5SlZKGfm5qRBOsVItAHgoFXQ:1uqNQy:wD-vgZQFPCnXPVDegXU4nC9AfucZQx7we7hoqXLDJrY", "expire_date": "2025-09-08T02:59:48.776"}}, {"model": "sessions.session", "pk": "je72hrq5jxkhuxkar8nkdqtrrv70hsu0", "fields": {"session_data": ".eJyrVvIsSc1Vsqqu1VFKLi0qSs0riU9OLIEI5OQngzjxxZnpeYk5SlZKGfm5qRBOsVItAHgoFXQ:1uu119:Lfcv8SUWLHAnLG_Xx2zT7Bunu7a_Qd1ULYZBD6kph4c", "expire_date": "2025-09-18T03:52:11.644"}}, {"model": "sessions.session", "pk": "lax8q5xwguoslududfm3m0gqndkx1sh4", "fields": {"session_data": ".eJyrVvIsSc1Vsqqu1VFKLi0qSs0riU9OLIEI5OQngzjxxZnpeYk5SlZKGfm5qRBOsVItAHgoFXQ:1uu11A:Xzf4CH8EeEU8TDjGd6d_XzrPXGyGOUmUPYYL1QVgmbM", "expire_date": "2025-09-18T03:52:12.540"}}, {"model": "sessions.session", "pk": "lf99bfhd89r4gzgrmxm99ykasxj1jgo2", "fields": {"session_data": ".eJxVjDESgyAQRe9CnXFEUNEyXYqcgVmWRU0MzAhWjncPjjaW77-3u7FXoh_rt_3BcF0W8kkjpHOYAx6g4zR4mFnPxvCjEyLLGjJFGOisNaxp1GukRU82x4LdNgP4JX8I-wE_hAKDT8tkiiMpLhuLd7A0P6_29mCEOOZrpWrXqbZBWbaqJo6VqzveKVQGZC2Fkx00ZEqSFefCKgGNFWUe0DprObL9D-mXUds:1uyRrd:XZNcGlEXQt5zsbrDgOMJg76i7jgkh_OhfuPdfY9Rz5I", "expire_date": "2025-09-30T09:20:41.411"}}, {"model": "sessions.session", "pk": "ln6mj9xpbc3212gn5xbu6nespqvpw8o3", "fields": {"session_data": "eyJjdXJyZW50X2NhdCI6IkdhZGdldHMifQ:1uvbtZ:Lsb4kDs9cBWEagciCqcjBOb53LziWMVjsmMhbeTIDUA", "expire_date": "2025-09-22T13:26:57.807"}}, {"model": "sessions.session", "pk": "luiouswalqcji1rj6mkwbmwjgbwe3che", "fields": {"session_data": ".eJyrVvIsSc1Vsqqu1VFKLi0qSs0riU9OLIEI5OQngzjxxZnpeYk5SlZKGfm5qRBOsVItAHgoFXQ:1uqW0N:_9IcUtf1-56ffxpJUhkWsCSYXvIM9OQGwpLpSFc1FT0", "expire_date": "2025-09-08T12:08:55.691"}}, {"model": "sessions.session", "pk": "m5w67saawv1onp7oq1dnqkdbgsbsz42t", "fields": {"session_data": ".eJyrVvIsSc1Vsqqu1VFKLi0qSs0riU9OLIEI5OQngzjxxZnpeYk5SlZKGfm5qRBOsVItAHgoFXQ:1upvvN:glo6DGUhKH7GtKgqtPGFdNcdcE2DX2yaw1nxOk_XHxQ", "expire_date": "2025-09-06T21:37:21.007"}}, {"model": "sessions.session", "pk": "mafri4z1lce424i01rwqoyks9puodxve", "fields": {"session_data": ".eJyrVvIsSc1Vsqqu1VFKLi0qSs0riU9OLIEI5OQngzjxxZnpeYk5SlZKGfm5qRBOsVItAHgoFXQ:1uqeAH:erfpeWL8RN66iROQJCc7KMGzZoFhgvsWTlf2B0XwgkE", "expire_date": "2025-09-08T20:51:41.743"}}, {"model": "sessions.session", "pk": "mfrnjn843yxffd3q76vjf3494uq9ea60", "fields": {"session_data": ".eJyrVvIsSc1Vsqqu1VFKLi0qSs0riU9OLIEI5OQngzjxxZnpeYk5SlZKGfm5qRBOsVItAHgoFXQ:1uqRgb:_ymywQZt5i-OMgsgOVs4sBAU8yER_EaCDF-13n6LW80", "expire_date": "2025-09-08T07:32:13.152"}}, {"model": "sessions.session", "pk": "ms4pusrwwzfcquyf0g2mzdx6rkf0b9ti", "fields": {"session_data": ".eJyrVvIsSc1Vsqqu1VFKLi0qSs0riU9OLIEI5OQngzjxxZnpeYk5SlZKGfm5qRBOsVItAHgoFXQ:1uqVaQ:1kMaaNH2ZEkswkhDHbbi0HCJaNUa8VHSSRxgsUyHF7I", "expire_date": "2025-09-08T11:42:06.671"}}, {"model": "sessions.session", "pk": "myh4aw8ht4ovc9gnss5vxhf7auqfkafq", "fields": {"session_data": ".eJyrVvIsSc1Vsqqu1VFKLi0qSs0riU9OLIEI5OQngzjxxZnpeYk5SlZKGfm5qRBOsVItAHgoFXQ:1uyRre:2Ysreaz56gROUBJ9tnByfqDlTZeHW3fZyPoFe584uvE", "expire_date": "2025-09-30T09:20:42.603"}}, {"model": "sessions.session", "pk": "n6cic9i9tq6l60kikjx7f94ivcd5vsa8", "fields": {"session_data": ".eJyrVvIsSc1Vsqqu1VFKLi0qSs0riU9OLIEI5OQngzjxxZnpeYk5SlZKGfm5qRBOsVItAHgoFXQ:1uu117:Bj7LWh30AswN4anaYU4-Kk8k2v2uVDn2udOGVNArkAQ", "expire_date": "2025-09-18T03:52:09.746"}}, {"model": "sessions.session", "pk": "n8yla6zji1j1tlfxy9jjoj2z4d1jym4p", "fields": {"session_data": ".eJyrVvIsSc1Vsqqu1VFKLi0qSs0riU9OLIEI5OQngzjxxZnpeYk5SlZKGfm5qRBOsVItAHgoFXQ:1uqSNH:-96txIySodZxrwfqk2zX3Xm8XFc6IAkdyIRNx6EwX3I", "expire_date": "2025-09-08T08:16:19.182"}}, {"model": "sessions.session", "pk": "nir5eowbu3zkukd07f313wxjwa2p8asl", "fields": {"session_data": ".eJyrVvIsSc1Vsqqu1VFKLi0qSs0riU9OLIEI5OQngzjxxZnpeYk5SlZKGfm5qRBOsVItAHgoFXQ:1utNWc:ss5fNMYW4-m4GsOlQY9t4OFAhVVsVQkSyWZ4EGsKCoA", "expire_date": "2025-09-16T09:42:02.818"}}, {"model": "sessions.session", "pk": "nixc7hjk8tcpo8n9jxb88qdyve8xbumw", "fields": {"session_data": ".eJyrVvIsSc1Vsqqu1VFKLi0qSs0riU9OLIEI5OQngzjxxZnpeYk5SlZKGfm5qRBOsVItAHgoFXQ:1uyRre:2Ysreaz56gROUBJ9tnByfqDlTZeHW3fZyPoFe584uvE", "expire_date": "2025-09-30T09:20:42.812"}}, {"model": "sessions.session", "pk": "njxctkby0j532idpzpbkyjdqn25ch4mt", "fields": {"session_data": ".eJyrVvIsSc1Vsqqu1VFKLi0qSs0riU9OLIEI5OQngzjxxZnpeYk5SlZKGfm5qRBOsVItAHgoFXQ:1uqYp1:IOyw--WEDZ1X0S_GYFH0NQlrjF1Klip9WX7MIVmLORE", "expire_date": "2025-09-08T15:09:23.487"}}, {"model": "sessions.session", "pk": "nz0fy0f1p3yd8lrc3rs2ynvmj4w1f5y4", "fields": {"session_data": ".eJyrVvIsSc1Vsqqu1VFKLi0qSs0riU9OLIEI5OQngzjxxZnpeYk5SlZKGfm5qRBOsVItAHgoFXQ:1urPqX:bpPIyOdRI56giBCjaqRvTfHBvw9LJtZdu_HvqixPPQk", "expire_date": "2025-09-10T23:46:29.820"}}, {"model": "sessions.session", "pk": "ofnhr84hpxo1wb6qte0ujvwvrqki2n0w", "fields": {"session_data": ".eJyrVvIsSc1Vsqqu1VFKLi0qSs0riU9OLIEI5OQngzjxxZnpeYk5SlZKGfm5qRBOsVItAHgoFXQ:1uu11B:ykEpj_bQNGEjeYObjEfkPH4rltT6VeFZfCOMxtC9o9E", "expire_date": "2025-09-18T03:52:13.341"}}, {"model": "sessions.session", "pk": "p1yzxb53rxwkgcjkvgh8rhychkseoskb", "fields": {"session_data": ".eJyrVvIsSc1Vsqqu1VFKLi0qSs0riU9OLIEI5OQngzjxxZnpeYk5SlZKGfm5qRBOsVItAHgoFXQ:1uq6J9:DMDTQ1ChgjcdEnT8QSjR3qIYxnfQ6aw6SvM0LRzPS7I", "expire_date": "2025-09-07T08:42:35.935"}}, {"model": "sessions.session", "pk": "pz3yynandqj12s3clrjort4k7dx51hrl", "fields": {"session_data": ".eJyrVvIsSc1Vsqqu1VFKLi0qSs0riU9OLIEI5OQngzjxxZnpeYk5SlZKGfm5qRBOsVItAHgoFXQ:1uu119:Lfcv8SUWLHAnLG_Xx2zT7Bunu7a_Qd1ULYZBD6kph4c", "expire_date": "2025-09-18T03:52:11.944"}}, {"model": "sessions.session", "pk": "q4bc0ob99eoob7dvveos00u4udusfqv1", "fields": {"session_data": "eyJsYW1lc3NhZ2UiOnt9fQ:1uu2FA:kEt_sPEGiijd7aAso5cqp1kNyBNUhdMUt_nIS3aD5bg", "expire_date": "2025-09-18T05:10:44.505"}}, {"model": "sessions.session", "pk": "q9gh6u4gptc36jyivmghe2g2hwoiv685", "fields": {"session_data": ".eJxVjbGOwyAYg9-FuYqAkEva8bYOfQbk8v8k6aWgAhlOVd_9iNLhOtr-bD-FxVomu2ZOdiZxEkoc_ntXuB8OW0A3hDE2LoaS5muzIc07zc0lEi_fb_ZjYEKearuVRmHwrWGCVz27VnfEIIIGOhyV12S8NNoce0lK9xi-pOzcwL3zyrV19Fz4Lk7P10G4NSUOxTqU3Vii24TN8xiw1Lsp3nkXuTYXVJUx8k4_Vk6_hIINFK8_-_dXZg:1uzusM:DFCVa4hGLJdjY92st1X0xtP4iFlgH_VgaCtghGonuXA", "expire_date": "2025-10-04T10:31:30.352"}}, {"model": "sessions.session", "pk": "qbk8bvvl2ty9g2ql3oux0ohdf60013we", "fields": {"session_data": ".eJyrVvIsSc1Vsqqu1VFKLi0qSs0riU9OLIEI5OQngzjxxZnpeYk5SlZKGfm5qRBOsVItAHgoFXQ:1uu116:NnUzGyiFeyvdeeLYO0YUdwJCAoi7NsSohtGR8XqqWhI", "expire_date": "2025-09-18T03:52:08.940"}}, {"model": "sessions.session", "pk": "qhpbzy5kdtezjdoqiizf2orz2h5q450d", "fields": {"session_data": ".eJyrVvIsSc1Vsqqu1VFKLi0qSs0riU9OLIEI5OQngzjxxZnpeYk5SlZKGfm5qRBOsVItAHgoFXQ:1uu11A:Xzf4CH8EeEU8TDjGd6d_XzrPXGyGOUmUPYYL1QVgmbM", "expire_date": "2025-09-18T03:52:12.759"}}, {"model": "sessions.session", "pk": "qs0buzxs0nkyrc1k754xyeb01j1jeokd", "fields": {"session_data": ".eJyrVvIsSc1Vsqqu1VFKLi0qSs0riU9OLIEI5OQngzjxxZnpeYk5SlZKGfm5qRBOsVItAHgoFXQ:1utOBJ:62X4UO6XioAbEuRfc4Nmx9jEUXmPy-uNAC0kyQg_P0U", "expire_date": "2025-09-16T10:24:05.309"}}, {"model": "sessions.session", "pk": "rgcamsoxkjmn69lnsu94lexrslypib6o", "fields": {"session_data": ".eJyrVvIsSc1Vsqqu1VFKLi0qSs0riU9OLIEI5OQngzjxxZnpeYk5SlZKGfm5qRBOsVItAHgoFXQ:1uu119:Lfcv8SUWLHAnLG_Xx2zT7Bunu7a_Qd1ULYZBD6kph4c", "expire_date": "2025-09-18T03:52:11.342"}}, {"model": "sessions.session", "pk": "s4xt1v5mrqlxx08swzrkhjiz6ihwok6p", "fields": {"session_data": ".eJyrVvIsSc1Vsqqu1VFKLi0qSs0riU9OLIEI5OQngzjxxZnpeYk5SlZKGfm5qRBOsVItAHgoFXQ:1upvvN:glo6DGUhKH7GtKgqtPGFdNcdcE2DX2yaw1nxOk_XHxQ", "expire_date": "2025-09-06T21:37:21.533"}}, {"model": "sessions.session", "pk": "tcjxyicb11rn14ndkluzrfyzigq9noxw", "fields": {"session_data": ".eJyrVvIsSc1Vsqqu1VFKLi0qSs0riU9OLIEI5OQngzjxxZnpeYk5SlZKGfm5qRBOsVItAHgoFXQ:1uqeAI:f5P3ZvzWhNs9U7hjUVzgeThMbNtaEgqfpx6TFlcnC20", "expire_date": "2025-09-08T20:51:42.637"}}, {"model": "sessions.session", "pk": "tlrzh2k5i6by1ltsn2nh8ak44poca1s4", "fields": {"session_data": ".eJyrVvIsSc1Vsqqu1VFKLi0qSs0riU9OLIEI5OQngzjxxZnpeYk5SlZKGfm5qRBOsVItAHgoFXQ:1uqVuX:FuXkQDiG-YXGkaOUdT75-DhmgbsSnnOwgn7wjanB6xM", "expire_date": "2025-09-08T12:02:53.627"}}, {"model": "sessions.session", "pk": "tqay49h869s62154rrtu080j27i5bjg3", "fields": {"session_data": ".eJyrVvIsSc1Vsqqu1VFKLi0qSs0riU9OLIEI5OQngzjxxZnpeYk5SlZKGfm5qRBOsVItAHgoFXQ:1uqZ8V:ZeTXHcnnCviPGyxRhLIEBEeq0fSqKwa3gerrAVen13o", "expire_date": "2025-09-08T15:29:31.321"}}, {"model": "sessions.session", "pk": "uqmeywi5qud9vonl2ibiqjqjlgpo5mpq", "fields": {"session_data": ".eJyrVvIsSc1Vsqqu1VFKLi0qSs0riU9OLIEI5OQngzjxxZnpeYk5SlZKGfm5qRBOsVItAHgoFXQ:1uqZU9:xatMbDrzEFw4TnWrzz1-TFRtGyWbHCYYUXip15BR1pQ", "expire_date": "2025-09-08T15:51:53.603"}}, {"model": "sessions.session", "pk": "uvm7r779qb659ipkdkmg601t1bx8fk0g", "fields": {"session_data": ".eJyrVvIsSc1Vsqqu1VFKLi0qSs0riU9OLIEI5OQngzjxxZnpeYk5SlZKGfm5qRBOsVItAHgoFXQ:1uqYag:ZhP6bAYloM6M5xi8b6VqwbGarMgeW5Dc81FS9o__4xU", "expire_date": "2025-09-08T14:54:34.718"}}, {"model": "sessions.session", "pk": "v0wn50oavqrrbjxfuwy05qhpechdcc9f", "fields": {"session_data": ".eJyrVvIsSc1Vsqqu1VFKLi0qSs0riU9OLIEI5OQngzjxxZnpeYk5SlZKGfm5qRBOsVItAHgoFXQ:1uuS0f:rCM_HLuXM_5yoFDpE2Pt_37FDYnG7gA-qteuG6mGY48", "expire_date": "2025-09-19T08:41:29.297"}}, {"model": "sessions.session", "pk": "v3kelqvl3m1ae8sqnplowe2hyittri6d", "fields": {"session_data": "eyJsYW1lc3NhZ2UiOnt9fQ:1uq6Ff:cBMyJpcsOunTrYpw4gYio5w4bd-oZ4GNOLysjZM9S6g", "expire_date": "2025-09-07T08:38:59.154"}}, {"model": "sessions.session", "pk": "v4kv0eh08sck1j7p68j9byt8c6zaw2d3", "fields": {"session_data": "eyJsYW1lc3NhZ2UiOnt9fQ:1urJ4f:4HT0nmqnqXl8svaB4US-4acpSl2wzM6Qwb4WqMwivF8", "expire_date": "2025-09-10T16:32:37.032"}}, {"model": "sessions.session", "pk": "v6ir928q53dnoblv25keqm98b056e5v5", "fields": {"session_data": "eyJsYW1lc3NhZ2UiOnt9fQ:1uq6Fg:1Nf0F5A-m3gzgD8T-4VUG-5mhoim-QsTpJlqAW5CXfk", "expire_date": "2025-09-07T08:39:00.015"}}, {"model": "sessions.session", "pk": "vqeq4ortoewgyz5p7lqilh9bjwar5z0y", "fields": {"session_data": ".eJyrVvIsSc1Vsqqu1VFKLi0qSs0riU9OLIEI5OQngzjxxZnpeYk5SlZKGfm5qRBOsVItAHgoFXQ:1uyRrd:S-itzxeRlDMZcxwpB_rLh7KzhaYXZUVi7XN8TqeLj3w", "expire_date": "2025-09-30T09:20:41.916"}}, {"model": "sessions.session", "pk": "wz5m544hangkqbq8jkuwe62fgtmjql7n", "fields": {"session_data": ".eJyrVvIsSc1Vsqqu1VFKLi0qSs0riU9OLIEI5OQngzjxxZnpeYk5SlZKGfm5qRBOsVItAHgoFXQ:1uu117:Bj7LWh30AswN4anaYU4-Kk8k2v2uVDn2udOGVNArkAQ", "expire_date": "2025-09-18T03:52:09.156"}}, {"model": "sessions.session", "pk": "xkgxiro35u6bnuwv485tfo3du05qrccd", "fields": {"session_data": ".eJyrVvIsSc1Vsqqu1VFKLi0qSs0riU9OLIEI5OQngzjxxZnpeYk5SlZKGfm5qRBOsVItAHgoFXQ:1uqb3y:RiXDsC7Ud38tzG2aPgYrEXsyZJxVr4V_P8f8pyJi0Ms", "expire_date": "2025-09-08T17:32:58.099"}}, {"model": "sessions.session", "pk": "xlxikeqmu06y24r6z8oss5b5a6ndfhq7", "fields": {"session_data": ".eJyrVvIsSc1Vsqqu1VFKLi0qSs0riU9OLIEI5OQngzjxxZnpeYk5SlZKGfm5qRBOsVItAHgoFXQ:1uqb5R:SBBQadqoqY4iz1uJM6Gm2PZPmP4Z9z3SEio-i1k4SJY", "expire_date": "2025-09-08T17:34:29.127"}}, {"model": "sessions.session", "pk": "xxqynn3xcsxwx0681ton5cs1f8cxo3wt", "fields": {"session_data": ".eJyrVvIsSc1Vsqqu1VFKLi0qSs0riU9OLIEI5OQngzjxxZnpeYk5SlZKGfm5qRBOsVItAHgoFXQ:1uu11A:Xzf4CH8EeEU8TDjGd6d_XzrPXGyGOUmUPYYL1QVgmbM", "expire_date": "2025-09-18T03:52:12.242"}}, {"model": "sessions.session", "pk": "y8fmcz97c276pax87i9kv8vcnhaw0y44", "fields": {"session_data": ".eJyrVvIsSc1Vsqqu1VFKLi0qSs0riU9OLIEI5OQngzjxxZnpeYk5SlZKGfm5qRBOsVItAHgoFXQ:1uqXWT:Ags_6G0uvROTjGr4sPEQ5XOj9Q0vA5tZWiCf_FK6xyo", "expire_date": "2025-09-08T13:46:09.529"}}, {"model": "sessions.session", "pk": "z6dyrwfb3663r4s0t5h2vt46wt5x7978", "fields": {"session_data": ".eJyrVvIsSc1Vsqqu1VFKLi0qSs0riU9OLIEI5OQngzjxxZnpeYk5SlZKGfm5qRBOsVItAHgoFXQ:1uv2da:PDxf9kvLkB2T37HfryQyh_fD959DRoszVk7NTXhFUCw", "expire_date": "2025-09-20T23:48:06.215"}}, {"model": "sessions.session", "pk": "zb3a8s0gfuha57j7chytou1xxbj0glpj", "fields": {"session_data": "eyJsYW1lc3NhZ2UiOnt9fQ:1urJ4e:7C3N4gGO2oSKApUXIuGgl6p9gVR30nxuuLea93pRIAY", "expire_date": "2025-09-10T16:32:36.299"}}, {"model": "sessions.session", "pk": "zj0x8c3w7opeflonhlqs8o3twyirn0cg", "fields": {"session_data": ".eJyrVvIsSc1Vsqqu1VFKLi0qSs0riU9OLIEI5OQngzjxxZnpeYk5SlZKGfm5qRBOsVItAHgoFXQ:1uqYi4:jn8uHScc5NUkICj4AV2Iu8wekCMUBL8VzGUHE5193b8", "expire_date": "2025-09-08T15:02:12.078"}}, {"model": "sessions.session", "pk": "zzb3cd45ypg693l95q9132la97wrkly0", "fields": {"session_data": ".eJyrVvIsSc1Vsqqu1VFKLi0qSs0riU9OLIEI5OQngzjxxZnpeYk5SlZKGfm5qRBOsVItAHgoFXQ:1uqS3y:UNFz_LaoFSmtTcdTW4QLUSTX4O_6qFjLh2YYEGyCom4", "expire_date": "2025-09-08T07:56:22.552"}}, {"model": "sites.site", "pk": 1, "fields": {"domain": "example.com", "name": "example.com"}}, {"model": "e_mall.category", "pk": 1, "fields": {"name": "Entertainment", "verbose_name": ""}}, {"model": "e_mall.category", "pk": 2, "fields": {"name": "Women", "verbose_name": "Women's Fashion"}}, {"model": "e_mall.category", "pk": 3, "fields": {"name": "Products", "verbose_name": ""}}, {"model": "e_mall.category", "pk": 4, "fields": {"name": "Clothing", "verbose_name": ""}}, {"model": "e_mall.category", "pk": 5, "fields": {"name": "Books", "verbose_name": ""}}, {"model": "e_mall.category", "pk": 6, "fields": {"name": "Tools", "verbose_name": ""}}, {"model": "e_mall.category", "pk": 7, "fields": {"name": "Properties", "verbose_name": ""}}, {"model": "e_mall.category", "pk": 8, "fields": {"name": "Vehicles", "verbose_name": ""}}, {"model": "e_mall.category", "pk": 9, "fields": {"name": "Jobs", "verbose_name": ""}}, {"model": "e_mall.category", "pk": 10, "fields": {"name": "Services", "verbose_name": ""}}, {"model": "e_mall.category", "pk": 11, "fields": {"name": "Men", "verbose_name": "Men's Fashion"}}, {"model": "e_mall.category", "pk": 12, "fields": {"name": "Gadgets", "verbose_name": "Electronic Accessories"}}, {"model": "e_mall.category", "pk": 13, "fields": {"name": "Cellphones", "verbose_name": ""}}, {"model": "e_mall.category", "pk": 14, "fields": {"name": "Laptops", "verbose_name": ""}}, {"model": "e_mall.country", "pk": 1, "fields": {"name": "China", "country_code": null}}, {"model": "e_mall.country", "pk": 2, "fields": {"name": "United States", "country_code": null}}, {"model": "e_mall.country", "pk": 3, "fields": {"name": "United Kingdom", "country_code": null}}, {"model": "e_mall.country", "pk": 4, "fields": {"name": "Zambia", "country_code": null}}, {"model": "e_mall.country", "pk": 5, "fields": {"name": "South Africa", "country_code": "27"}}, {"model": "e_mall.country", "pk": 6, "fields": {"name": "Zimbabwe", "country_code": "263"}}, {"model": "e_mall.location", "pk": 1, "fields": {"name": "Beijing", "country": 1}}, {"model": "e_mall.location", "pk": 2, "fields": {"name": "Seattle", "country": 2}}, {"model": "e_mall.location", "pk": 3, "fields": {"name": "Texas", "country": 2}}, {"model": "e_mall.location", "pk": 4, "fields": {"name": "California", "country": 2}}, {"model": "e_mall.location", "pk": 5, "fields": {"name": "Manchester", "country": 3}}, {"model": "e_mall.location", "pk": 6, "fields": {"name": "London", "country": 3}}, {"model": "e_mall.location", "pk": 7, "fields": {"name": "Johannesburg", "country": 5}}, {"model": "e_mall.location", "pk": 8, "fields": {"name": "Lusaka", "country": 4}}, {"model": "e_mall.location", "pk": 9, "fields": {"name": "Orania", "country": 5}}, {"model": "e_mall.location", "pk": 10, "fields": {"name": "Cape Town", "country": 5}}, {"model": "e_mall.location", "pk": 11, "fields": {"name": "Pretoria", "country": 5}}, {"model": "e_mall.location", "pk": 12, "fields": {"name": "Rusape", "country": 6}}, {"model": "e_mall.location", "pk": 13, "fields": {"name": "Masvingo", "country": 6}}, {"model": "e_mall.location", "pk": 14, "fields": {"name": "Bulawayo", "country": 6}}, {"model": "e_mall.location", "pk": 15, "fields": {"name": "Mutare", "country": 6}}, {"model": "e_mall.location", "pk": 16, "fields": {"name": "Gweru", "country": 6}}, {"model": "e_mall.location", "pk": 17, "fields": {"name": "Harare", "country": 6}}, {"model": "e_mall.location", "pk": 18, "fields": {"name": "Chitungwiza", "country": 6}}, {"model": "e_mall.products", "pk": 11, "fields": {"name": "weeknd", "seller": 1, "slug": "weeknd-3b443505", "price": null, "category": 1, "description": "", "location": null, "phone_no": "+263 777777777", "image1": "image/upload/v1756123743/dvk5helcigjeaz9k5cvx.jpg", "image2": "", "image3": "", "image4": "", "image5": "", "image6": "", "image7": "", "image8": "", "image9": "", "image10": "", "international": false}}, {"model": "e_mall.products", "pk": 14, "fields": {"name": "MJ and Bob", "seller": 1, "slug": "mj-and-bob-75281a67", "price": null, "category": 1, "description": "", "location": null, "phone_no": "+263 775749445", "image1": "image/upload/v1756134201/ckvkgdkevedwinw84bjh.jpg", "image2": "", "image3": "", "image4": "", "image5": "", "image6": "", "image7": "", "image8": "", "image9": "", "image10": "", "international": false}}, {"model": "e_mall.products", "pk": 15, "fields": {"name": "batmobile", "seller": 1, "slug": "batmobile-1e20b53c", "price": null, "category": 8, "description": "", "location": null, "phone_no": "+263 775749445", "image1": "image/upload/v1756134739/llg28sdzgvcjxhhswd8b.jpg", "image2": "image/upload/v1756134740/d3avmzakatgqai56utrz.jpg", "image3": "", "image4": "", "image5": "", "image6": "", "image7": "", "image8": "", "image9": "", "image10": "", "international": false}}, {"model": "e_mall.products", "pk": 18, "fields": {"name": "hj", "seller": 1, "slug": "hj-95aaa810", "price": null, "category": 1, "description": "", "location": null, "phone_no": "+263 777777777", "image1": null, "image2": "", "image3": "", "image4": "", "image5": "", "image6": "", "image7": "", "image8": "", "image9": "", "image10": "", "international": false}}, {"model": "e_mall.products", "pk": 20, "fields": {"name": "AMG", "seller": 1, "slug": "amg-ca9181c4", "price": null, "category": 1, "description": "", "location": 17, "phone_no": "+263 775749445", "image1": "image/upload/v1756147350/v4h1p2dmu8fel16ksivq.jpg", "image2": "image/upload/v1756147350/q0okcoroqflfo8knq9pb.jpg", "image3": "", "image4": "", "image5": "", "image6": "", "image7": "", "image8": "", "image9": "", "image10": "", "international": false}}, {"model": "e_mall.products", "pk": 21, "fields": {"name": "the master", "seller": 2, "slug": "the-master-e0b18bfd", "price": null, "category": 1, "description": "artwork for only $1000", "location": null, "phone_no": "+263 772607093", "image1": null, "image2": "", "image3": "", "image4": "", "image5": "", "image6": "", "image7": "", "image8": "", "image9": "", "image10": "", "international": false}}, {"model": "e_mall.products", "pk": 22, "fields": {"name": "the amazing", "seller": 2, "slug": "the-amazing-8ce018fd", "price": "1000.0", "category": 1, "description": "artwork that makes you cry", "location": null, "phone_no": "+263 772607093", "image1": "image/upload/v1756152025/ba9wtf7uczdmb9lxqghb.jpg", "image2": "", "image3": "", "image4": "", "image5": "", "image6": "", "image7": "", "image8": "", "image9": "", "image10": "", "international": false}}, {"model": "e_mall.products", "pk": 23, "fields": {"name": "Graduate", "seller": 3, "slug": "graduate-46ec68fe", "price": null, "category": 11, "description": "We made it, about to make it again", "location": 17, "phone_no": "+263 775749445", "image1": "image/upload/v1756312347/guef3l2rs8rqaieirhoc.jpg", "image2": "image/upload/v1756312348/bmxi0l3o71utxpofeclp.jpg", "image3": "", "image4": "", "image5": "", "image6": "", "image7": "", "image8": "", "image9": "", "image10": "", "international": false}}, {"model": "e_mall.products", "pk": 24, "fields": {"name": "Diary of a CEO", "seller": 4, "slug": "dairy-of-a-ceo-d78d4db5", "price": "3.0", "category": 5, "description": "The Diary of a CEO: The 33 Laws of Business and Life  Steven Bartlett", "location": 17, "phone_no": "+263 802122121", "image1": "image/upload/v1756958637/oyu66tbtqtypm1uywuem.jpg", "image2": "image/upload/v1756958638/imr64penabmayccxhtxg.jpg", "image3": "image/upload/v1756958638/alqu9skhjx8hnh3enmem.jpg", "image4": "", "image5": "", "image6": "", "image7": "", "image8": "", "image9": "", "image10": "", "international": true}}]
